Parameterkürzel,Kurzbeschreibung,Beschreibung,Einheit
absf_max,Absolute Feuchte Maximalwert,"Absolute Feuchte, Maximum berechnet aus Tageswerten",g/m³
absf_max_flag,Qualitätsflag für Absolute Feuchte Maximalwert,"Qualitätsflag für Absolute Feuchte, Maximum berechnet aus Tageswerten",code
absf_min,Absolute Feuchte Minimalwert,"Absolute Feuchte, Minimum berechnet aus Tageswerten",g/m³
absf_min_flag,Qualitätsflag für Absolute Feuchte Minimalwert,"Qualitätsflag für Absolute Feuchte, Minimum berechnet aus Tageswerten",code
absf_mittel,Absolute Feuchte Mittelwert,"Absolute Feuchte, Monatsmittel berechnet aus Tageswerten",g/m³
absf_mittel_flag,Qualitätsflag für Absolute Feuchte Mittelwert,"Qualitätsflag für Absolute Feuchte, Monatsmittel berechnet aus Tageswerten",code
aequi,Äquivalenttemperatur Mittelwert,"Äquivalenttemperatur, Monatsmittel",°C
aequi_flag,Qualitätsflag für Äquivalenttemperatur Mittelwert,"Qualitätsflag für Äquivalenttemperatur, Monatsmittel",code
bet0,Lufttemperatur Beton 0cm Mittelwert,"Betontemperatur in 0 cm Tiefe, Monats-Mittelwert aus Stundenwerten",°C
bet0_flag,Qualitätsflag für Lufttemperatur Beton 0cm Mittelwert,"Qualitätsflag für Betontemperatur in 0 cm Tiefe, Monats-Mittelwert aus Stundenwerten",code
bet0_max,Lufttemperatur Beton 0cm Maximalwert,"Betontemperatur in 0 cm Tiefe, Monats-Maximum aller Stundenwerte",°C
bet0_max_flag,Qualitätsflag für Lufttemperatur Beton 0cm Maximalwert,"Qualitätsflag für Betontemperatur in 0 cm Tiefe, Monats-Maximum aller Stundenwerte",code
bet0_min,Lufttemperatur Beton 0cm Minimalwert,"Betontemperatur in 0 cm Tiefe, Monats-Minimum aller Stundenwerte",°C
bet0_min_flag,Qualitätsflag für Lufttemperatur Beton 0cm Minimalwert,"Qualitätsflag für Betontemperatur in 0 cm Tiefe, Monats-Minimum aller Stundenwerte",code
bewm_iii_mittel,Bewölkungsmenge Mittelwert zum Beobachtungtermin III,"Bewölkungsmenge, Monats-Mittelwert der Terminwerte III (18:00 UTC)",1/100
bewm_iii_mittel_flag,Qualitätsflag für Bewölkungsmenge Mittelwert zum Beobachtungtermin III,"Qualitätsflag für Bewölkungsmenge, Monats-Mittelwert der Terminwerte III (18:00 UTC)",code
bewm_ii_mittel,Bewölkungsmenge Mittelwert zum Beobachtungtermin II,"Bewölkungsmenge, Monats-Mittelwert der Terminwerte II (13:00 UTC)",1/100
bewm_ii_mittel_flag,Qualitätsflag für Bewölkungsmenge Mittelwert zum Beobachtungtermin II,"Qualitätsflag für Bewölkungsmenge, Monats-Mittelwert der Terminwerte II (13:00 UTC)",code
bewm_i_mittel,Bewölkungsmenge Mittelwert zum Beobachtungtermin I,"Bewölkungsmenge, Monats-Mittelwert der Terminwerte I (06:00 UTC)",1/100
bewm_i_mittel_flag,Qualitätsflag für Bewölkungsmenge Mittelwert zum Beobachtungtermin I,"Qualitätsflag für Bewölkungsmenge, Monats-Mittelwert der Terminwerte I (06:00 UTC)",code
bewm_mittel,Bewölkungsmenge Mittelwert,"Bewölkungsmenge, Monats-Mittelwert berechnet aus den Tages-Bewölkungsmittel 10*(I+II+III)/3",1/100
bewm_mittel_flag,Qualitätsflag für Bewölkungsmenge Mittelwert,"Qualitätsflag für Bewölkungsmenge, Monats-Mittelwert berechnet aus den Tages-Bewölkungsmittel 10*(I+II+III)/3",code
cglo_j,Globalstrahlung Monatssumme,"Globalstrahlung, Monatssumme aus Stundenwerten, kalibriert",J/cm²
cglo_j_flag,Qualitätsflag für Globalstrahlung Monatssumme,"Qualitätsflag für Globalstrahlung, Monatssumme aus Stundenwerten, kalibriert",code
dampf_iii_mittel,Dampfdruck Mittelwert zum Beobachtungtermin III,"Dampfdruck, Monats-Mittelwert zum Termin III (18:00 UTC)",hPa
dampf_iii_mittel_flag,Qualitätsflag für Dampfdruck Mittelwert zum Beobachtungtermin III,"Qualitätsflag für Dampfdruck, Monats-Mittelwert zum Termin III (18:00 UTC)",code
dampf_ii_mittel,Dampfdruck Mittelwert zum Beobachtungtermin II,"Dampfdruck, Monats-Mittelwert zum Termin II (13:00 UTC)",hPa
dampf_ii_mittel_flag,Qualitätsflag für Dampfdruck Mittelwert zum Beobachtungtermin II,"Qualitätsflag für Dampfdruck, Monats-Mittelwert zum Termin II (13:00 UTC)",code
dampf_i_mittel,Dampfdruck Mittelwert zum Beobachtungtermin I,"Dampfdruck, Monats-Mittelwert zum Termin I (06:00 UTC)",hPa
dampf_i_mittel_flag,Qualitätsflag für Dampfdruck Mittelwert zum Beobachtungtermin I,"Qualitätsflag für Dampfdruck, Monats-Mittelwert zum Termin I (06:00 UTC)",code
dampf_mittel,Dampfdruck Mittelwert,"Dampfdruck, Monats-Mittelwert aus Tageswerten",hPa
dampf_mittel_flag,Qualitätsflag für Dampfdruck Mittelwert,"Qualitätsflag für Dampfdruck, Monats-Mittelwert aus Tageswerten",code
efftemp,Effektivtemperatur Mittelwert,"Effektivtemperatur, Monats-Mittelwert aus Tageswerten",°C
efftemp_flag,Qualitätsflag für Effektivtemperatur Mittelwert,"Qualitätsflag für Effektivtemperatur, Monats-Mittelwert aus Tageswerten",code
enth,Enthalpie Mittelwert,"Enthalphie, Monats-Mittelwert aus Tageswerten",kJ/kg
enth_flag,Qualitätsflag für Enthalpie Mittelwert,"Qualitätsflag für Enthalphie, Monats-Mittelwert aus Tageswerten",code
feuchtt,Feuchttemperatur Mittelwert,"Feuchttemperatur, Monats-Mittelwert aus Tageswerten",°C
feuchtt_flag,Qualitätsflag für Feuchttemperatur Mittelwert,"Qualitätsflag für Feuchttemperatur, Monats-Mittelwert aus Tageswerten",code
gradt,Gradtagszahl (20/12),Gradtagszahl 20/12,°C
gradt_flag,Qualitätsflag für Gradtagszahl (20/12),Qualitätsflag für Gradtagszahl 20/12,code
gras0,Erdbodentemperatur 0 cm Mittelwert,"Erdbodentemperatur in der Tiefe 0 cm, Mittel aller Stundenwerte",°C
gras0_flag,Qualitätsflag für Erdbodentemperatur 0 cm Mittelwert,"Qualitätsflag für Erdbodentemperatur in der Tiefe 0 cm, Mittel aller Stundenwerte",code
gras0_max,Erdbodentemperatur 0 cm Maximalwert,"Erdbodentemperatur in der Tiefe 0 cm, Maximum aller Stundenwerte",°C
gras0_max_flag,Qualitätsflag für Erdbodentemperatur 0 cm Maximalwert,"Qualitätsflag für Erdbodentemperatur in der Tiefe 0 cm, Maximum aller Stundenwerte",code
gras0_min,Erdbodentemperatur 0 cm Minimalwert,"Erdbodentemperatur in der Tiefe 0 cm, Minimum aller Stundenwerte",°C
gras0_min_flag,Qualitätsflag für Erdbodentemperatur 0 cm Minimalwert,"Qualitätsflag für Erdbodentemperatur in der Tiefe 0 cm, Minimum aller Stundenwerte",code
misch,Mischungsverhältnis Mittelwert,"Mischungsverhältnis,  Monats-Mittelwert aus Tageswerten",g/m³
misch_flag,Qualitätsflag für Mischungsverhältnis Mittelwert,"Qualitätsflag für Mischungsverhältnis,  Monats-Mittelwert aus Tageswerten",code
p,Luftdruck Mittelwert,"Luftdruck, Monatsmittel der Terminwerte",hPa
p_flag,Qualitätsflag für Luftdruck Mittelwert,"Qualitätsflag für Luftdruck, Monatsmittel der Terminwerte",code
pmax,Luftdruck Maximalwert,"Luftdruck, Maximum aller Terminwerte",hPa
pmax_flag,Qualitätsflag für Luftdruck Maximalwert,"Qualitätsflag für Luftdruck, Maximum aller Terminwerte",code
pmin,Luftdruck Minimalwert,"Luftdruck, Minimum aller Terminwerte",hPa
pmin_flag,Qualitätsflag für Luftdruck Minimalwert,"Qualitätsflag für Luftdruck, Minimum aller Terminwerte",code
rf_iii_mittel,Relative Feuchte Mittelwert zum Beobachtungtermin III,"Relative Feuchte, Monats-Mittelwert zum Terminwert III (18:00 UTC)",%
rf_iii_mittel_flag,Qualitätsflag für Relative Feuchte Mittelwert zum Beobachtungtermin III,"Qualitätsflag für Relative Feuchte, Monats-Mittelwert zum Terminwert III (18:00 UTC)",code
rf_ii_mittel,Relative Feuchte Mittelwert zum Beobachtungtermin II,"Relative Feuchte, Monats-Mittelwert zum Terminwert II (13:00 UTC)",%
rf_ii_mittel_flag,Qualitätsflag für Relative Feuchte Mittelwert zum Beobachtungtermin II,"Qualitätsflag für Relative Feuchte, Monats-Mittelwert zum Terminwert II (13:00 UTC)",code
rf_i_mittel,Relative Feuchte Mittelwert zum Beobachtungtermin I,"Relative Feuchte, Monats-Mittelwert zum Terminwert I (06:00 UTC)",%
rf_i_mittel_flag,Qualitätsflag für Relative Feuchte Mittelwert zum Beobachtungtermin I,"Qualitätsflag für Relative Feuchte, Monats-Mittelwert zum Terminwert I (06:00 UTC)",code
rf_mittel,Relative Feuchte Mittelwert,"Relativen Feuchte, Monats-Mittelwert aller Tagesmittel",%
rf_mittel_flag,Qualitätsflag für Relative Feuchte Mittelwert,"Qualitätsflag für Relativen Feuchte, Monats-Mittelwert aller Tagesmittel",code
rr,Niederschlag Summe der 24h-Summen,"Niederschlag, Monatssumme aus 24-Stundensummen zum Terminwert I (6 UTC)",mm
rr_flag,Qualitätsflag für Niederschlag Summe der 24h-Summen,"Qualitätsflag für Niederschlag, Monatssumme aus 24-Stundensummen zum Terminwert I (6 UTC)",code
rr_i,"Niederschlag Summe der 12h Summen, 18-6 UTC","Niederschlag, 12-stündige Monatssumme 18 - 6 UTC in mm",mm
rr_i_flag,"Qualitätsflag für Niederschlag Summe der 12h Summen, 18-6 UTC","Qualitätsflag für Niederschlag, 12-stündige Monatssumme 18 - 6 UTC in mm",code
rr_iii,"Niederschlag Summe der 12h Summen, 6-18 UTC","Niederschlag, 12-stündige Monatssumme 6 - 18 UTC  in mm",mm
rr_iii_flag,"Qualitätsflag für Niederschlag Summe der 12h Summen, 6-18 UTC","Qualitätsflag für Niederschlag, 12-stündige Monatssumme 6 - 18 UTC  in mm",code
rr_max,Niederschlag Maximalwert,"Niederschlag, Monats-Maximum der 24-Stundensummen zum Termin I (6 UTC)",mm
rr_max_flag,Qualitätsflag für Niederschlag Maximalwert,"Qualitätsflag für Niederschlag, Monats-Maximum der 24-Stundensummen zum Termin I (6 UTC)",code
sh_manu_max,Gesamtschneehöhe Maximalwert,"Gesamtschneehöhe, Monats-Maximum der Tageswerte",cm
sh_manu_max_flag,Qualitätsflag für Gesamtschneehöhe Maximalwert,"Qualitätsflag für Gesamtschneehöhe, Monats-Maximum der Tageswerte",code
shneu_manu,Neuschneehöhe Summe,"Neuschneehöhe, Monatssumme der Tageswerte zum Terminwert I (6 UTC)",cm
shneu_manu_flag,Qualitätsflag für Neuschneehöhe Summe,"Qualitätsflag für Neuschneehöhe, Monatssumme der Tageswerte zum Terminwert I (6 UTC)",code
shneu_manu_max,Neuschneehöhe Maximalwert,"Neuschneehöhe, Monats-Maximum der Tageswerte zum Terminwert I (6 UTC)",cm
shneu_manu_max_flag,Qualitätsflag für Neuschneehöhe Maximalwert,"Qualitätsflag für Neuschneehöhe, Monats-Maximum der Tageswerte zum Terminwert I (6 UTC)",code
so_h,Sonnenscheindauer,"Sonnenscheindauer, Monatssumme der Stundenwerte",h
so_h_flag,Qualitätsflag für Sonnenscheindauer,"Qualitätsflag für Sonnenscheindauer, Monatssumme der Stundenwerte",code
so_r,Sonnenscheindauer Monatsauswertung zum Anteil an effektiv möglicher,"Sonnenscheindauer, Anteil der monatlichen Sonnenscheindauer an effektiv möglicher Sonnenscheindauer in Prozent",%
so_r_flag,Qualitätsflag für Sonnenscheindauer Monatsauswertung zum Anteil an effektiv möglicher,"Qualitätsflag für Sonnenscheindauer, Anteil der monatlichen Sonnenscheindauer an effektiv möglicher Sonnenscheindauer in Prozent",code
tag_absf_max,Absolute Feuchte Tag Maximalwert,"Absolute Feuchte, Tag des Maximalwertes", 
tag_absf_max_flag,Qualitätsflag für Absolute Feuchte Tag Maximalwert,"Qualitätsflag für Absolute Feuchte, Tag des Maximalwertes",code
tag_absf_min,Absolute Feuchte Tag Minimalwert,"Absolute Feuchte, Tag des Minimalwertes", 
tag_absf_min_flag,Qualitätsflag für Absolute Feuchte Tag Minimalwert,"Qualitätsflag für Absolute Feuchte, Tag des Minimalwertes",code
tag_bet0_max,Lufttemperatur Beton 0cm Tag Maximalwert,"Betontemperatur in 0 cm Tiefe, Tag des Maximums", 
tag_bet0_max_flag,Qualitätsflag für Lufttemperatur Beton 0cm Tag Maximalwert,"Qualitätsflag für Betontemperatur in 0 cm Tiefe, Tag des Maximums",code
tag_bet0_min,Lufttemperatur Beton 0cm Tag Minimalwert,"Betontemperatur in 0 cm Tiefe, Tag des Minimums", 
tag_bet0_min_flag,Qualitätsflag für Lufttemperatur Beton 0cm Tag Minimalwert,"Qualitätsflag für Betontemperatur in 0 cm Tiefe, Tag des Minimums",code
tage_ddc,Windstille Anzahl der Termine,"Windrichtung, Anzahl der Termine mit Calmen = Windstille", 
tage_ddc_flag,Qualitätsflag für Windstille Anzahl der Termine,"Qualitätsflag für Windrichtung, Anzahl der Termine mit Calmen = Windstille",code
tage_dde,Windrichtung Ost Anzahl der Termine,"Windrichtung, Anzahl der Termine mit Windrichtung Sektor Ost", 
tage_dde_flag,Qualitätsflag für Windrichtung Ost Anzahl der Termine,"Qualitätsflag für Windrichtung, Anzahl der Termine mit Windrichtung Sektor Ost",code
tage_ddn,Windrichtung Nord Anzahl der Termine,"Windrichtung, Anzahl der Termine mit Windrichtung Sektor Nord", 
tage_ddne,Windrichtung Nordost Anzahl der Termine,"Windrichtung, Anzahl der Termine mit Windrichtung Sektor Nordost", 
tage_ddne_flag,Qualitätsflag für Windrichtung Nordost Anzahl der Termine,"Qualitätsflag für Windrichtung, Anzahl der Termine mit Windrichtung Sektor Nordost",code
tage_ddn_flag,Qualitätsflag für Windrichtung Nord Anzahl der Termine,"Qualitätsflag für Windrichtung, Anzahl der Termine mit Windrichtung Sektor Nord",code
tage_ddnw,Windrichtung Nordwest Anzahl der Termine,"Windrichtung, Anzahl der Termine mit Windrichtung Sektor Nordwest", 
tage_ddnw_flag,Qualitätsflag für Windrichtung Nordwest Anzahl der Termine,"Qualitätsflag für Windrichtung, Anzahl der Termine mit Windrichtung Sektor Nordwest",code
tage_dds,Windrichtung Süd Anzahl der Termine,"Windrichtung, Anzahl der Termine mit Windrichtung Sektor Süd", 
tage_ddse,Windrichtung Südost Anzahl der Termine,"Windrichtung, Anzahl der Termine mit Windrichtung Sektor Südost", 
tage_ddse_flag,Qualitätsflag für Windrichtung Südost Anzahl der Termine,"Qualitätsflag für Windrichtung, Anzahl der Termine mit Windrichtung Sektor Südost",code
tage_dds_flag,Qualitätsflag für Windrichtung Süd Anzahl der Termine,"Qualitätsflag für Windrichtung, Anzahl der Termine mit Windrichtung Sektor Süd",code
tage_ddsw,Windrichtung Südwest Anzahl der Termine,"Windrichtung, Anzahl der Termine mit Windrichtung Sektor Südwest", 
tage_ddsw_flag,Qualitätsflag für Windrichtung Südwest Anzahl der Termine,"Qualitätsflag für Windrichtung, Anzahl der Termine mit Windrichtung Sektor Südwest",code
tage_ddw,Windrichtung West Anzahl der Termine,"Windrichtung, Anzahl der Termine mit Windrichtung Sektor West", 
tage_ddw_flag,Qualitätsflag für Windrichtung West Anzahl der Termine,"Qualitätsflag für Windrichtung, Anzahl der Termine mit Windrichtung Sektor West",code
tage_eis,Eistage,"Zahl der Eistage, 24-Stunden-Maximalwert der Lufttemperatur in 2m Höhe < 0.0 °C",d
tage_eis_flag,Qualitätsflag für Eistage,"Qualitätsflag für Zahl der Eistage, 24-Stunden-Maximalwert der Lufttemperatur in 2m Höhe < 0.0 °C",code
tage_eschwuel,Etwas schwüle Tage,Zahl der etwas schwülen Tage mit Äquivalenttemperatur >=49.1 und <=56.0 °C,d
tage_eschwuel_flag,Qualitätsflag für Etwas schwüle Tage,Qualitätsflag für Zahl der etwas schwülen Tage mit Äquivalenttemperatur >=49.1 und <=56.0 °C,code
tage_festrr,Niederschlagsumme fest,"Niederschlag fest, Monatssumme aus Tageswerten",mm
tage_festrr_flag,Qualitätsflag für Niederschlagsumme fest,"Qualitätsflag für Niederschlag fest, Monatssumme aus Tageswerten",code
tage_festrrp,Niederschlag Anteil % fest,"Niederschlag, Anteil des festen am gesamten Niederschlag (aus Tageswerten)",%
tage_festrrp_flag,Qualitätsflag für Niederschlag Anteil % fest,"Qualitätsflag für Niederschlag, Anteil des festen am gesamten Niederschlag (aus Tageswerten)",code
tage_ffx_100,Windgeschwindigkeit Tage >= 100 km/h,Zahl der Tage mit Windspitze >= 100 km/h,d
tage_ffx_100_flag,Qualitätsflag für Windgeschwindigkeit Tage >= 100 km/h,Qualitätsflag für Zahl der Tage mit Windspitze >= 100 km/h,code
tage_ffx_60,Windgeschwindigkeit Tage >= 60 km/h,Zahl der Tage mit Windspitze >= 60 km/h,d
tage_ffx_60_flag,Qualitätsflag für Windgeschwindigkeit Tage >= 60 km/h,Qualitätsflag für Zahl der Tage mit Windspitze >= 60 km/h,code
tage_ffx_70,Windgeschwindigkeit Tage >= 70 km/h,Zahl der Tage mit Windspitze >= 70 km/h,d
tage_ffx_70_flag,Qualitätsflag für Windgeschwindigkeit Tage >= 70 km/h,Qualitätsflag für Zahl der Tage mit Windspitze >= 70 km/h,code
tage_ffx_80,Windgeschwindigkeit Tage >= 80 km/h,Zahl der Tage mit Windspitze >= 80 km/h,d
tage_ffx_80_flag,Qualitätsflag für Windgeschwindigkeit Tage >= 80 km/h,Qualitätsflag für Zahl der Tage mit Windspitze >= 80 km/h,code
tage_frost,Frosttage,"Zahl der Frosttage, 24-Stunden-Minimalwert der Lufttemperatur in 2m Höhe < 0.0 °C",d
tage_frost_flag,Qualitätsflag für Frosttage,"Qualitätsflag für Zahl der Frosttage, 24-Stunden-Minimalwert der Lufttemperatur in 2m Höhe < 0.0 °C",code
tage_gew,Gewittertage,Zahl der Tage mit Gewitter,d
tage_gew_flag,Qualitätsflag für Gewittertage,Qualitätsflag für Zahl der Tage mit Gewitter,code
tage_graupel,Tage mit Graupel,Zahl der Tage mit Graupel,d
tage_graupel_flag,Qualitätsflag für Tage mit Graupel,Qualitätsflag für Zahl der Tage mit Graupel,code
tage_hagel,Tage mit Hagel,Zahl der Tage mit Hagel,d
tage_hagel_flag,Qualitätsflag für Tage mit Hagel,Qualitätsflag für Zahl der Tage mit Hagel,code
tage_heit,Heitere Tage,"Zahl der heiteren Tage, Bewölkungsmenge (24-Stunden-Mittelwert) < 20/100",d
tage_heit_flag,Qualitätsflag für Heitere Tage,"Qualitätsflag für Zahl der heiteren Tage, Bewölkungsmenge (24-Stunden-Mittelwert) < 20/100",code
tage_ht,Heiztage (20/12),Zahl der Heiztage 20/12,d
tage_ht_flag,Qualitätsflag für Heiztage (20/12),Qualitätsflag für Zahl der Heiztage 20/12,code
tage_nebel,Tage mit Nebel,Zahl der Tage mit Nebel,d
tage_nebel_flag,Qualitätsflag für Tage mit Nebel,Qualitätsflag für Zahl der Tage mit Nebel,code
tage_raureif,Tage mit Raureif,Zahl der Tage mit Raureif,d
tage_raureif_flag,Qualitätsflag für Tage mit Raureif,Qualitätsflag für Zahl der Tage mit Raureif,code
tage_reif,Tage mit Reif,Zahl der Tage mit Reif,d
tage_reif_flag,Qualitätsflag für Tage mit Reif,Qualitätsflag für Zahl der Tage mit Reif,code
tage_rr_01,Niederschlag Tage >= 0.1mm,Zahl der Tage mit Niederschlag mindestens 0.1 mm (Auswertung der 24-Stundensummen zum Termin I  6:00 UTC),d
tage_rr_01_flag,Qualitätsflag für Niederschlag Tage >= 0.1mm,Qualitätsflag für Zahl der Tage mit Niederschlag mindestens 0.1 mm (Auswertung der 24-Stundensummen zum Termin I  6:00 UTC),code
tage_rr_1,Niederschlag Tage >= 1mm,Zahl der Tage mit Niederschlag mindestens 1 mm (Auswertung der 24-Stundensummen zum Termin I  6:00 UTC),d
tage_rr_10,Niederschlag Tage >=10mm,Zahl der Tage mit Niederschlag mindestens 10 mm (Auswertung der 24-Stundensummen zum Termin I  6:00 UTC),d
tage_rr_10_flag,Qualitätsflag für Niederschlag Tage >=10mm,Qualitätsflag für Zahl der Tage mit Niederschlag mindestens 10 mm (Auswertung der 24-Stundensummen zum Termin I  6:00 UTC),code
tage_rr_15,Niederschlag Tage >=15mm,Zahl der Tage mit Niederschlagssumme >=15 mm (Auswertung der 24-Stundensummen zum Termin I  6:00 UTC),d
tage_rr_15_flag,Qualitätsflag für Niederschlag Tage >=15mm,Qualitätsflag für Zahl der Tage mit Niederschlagssumme >=15 mm (Auswertung der 24-Stundensummen zum Termin I  6:00 UTC),code
tage_rr_1_flag,Qualitätsflag für Niederschlag Tage >= 1mm,Qualitätsflag für Zahl der Tage mit Niederschlag mindestens 1 mm (Auswertung der 24-Stundensummen zum Termin I  6:00 UTC),code
tage_rr_20,Niederschlag Tage >=20mm,Zahl der Tage mit Niederschlagssumme >=20 mm (Auswertung der 24-Stundensummen zum Termin I  6:00 UTC),d
tage_rr_20_flag,Qualitätsflag für Niederschlag Tage >=20mm,Qualitätsflag für Zahl der Tage mit Niederschlagssumme >=20 mm (Auswertung der 24-Stundensummen zum Termin I  6:00 UTC),code
tage_rr_30,Niederschlag Tage >=30mm,Zahl der Tage mit Niederschlagssumme >=30 mm (Auswertung der 24-Stundensummen zum Termin I  6:00 UTC),d
tage_rr_30_flag,Qualitätsflag für Niederschlag Tage >=30mm,Qualitätsflag für Zahl der Tage mit Niederschlagssumme >=30 mm (Auswertung der 24-Stundensummen zum Termin I  6:00 UTC),code
tage_rr_5,Niederschlag Tage >= 5 mm,Zahl der Tage mit Niederschlag mindestens 5 mm (Auswertung der 24-Stundensummen zum Termin I  6:00 UTC),d
tage_rr_5_flag,Qualitätsflag für Niederschlag Tage >= 5 mm,Qualitätsflag für Zahl der Tage mit Niederschlag mindestens 5 mm (Auswertung der 24-Stundensummen zum Termin I  6:00 UTC),code
tage_rr_k1,Niederschlag Tage >=0.1 und <=2.4mm,Zahl der Tage mit Niederschlagsmenge >=0.1 und <=2.4 mm (Auswertung der 24-Stundensummen zum Termin I  6:00 UTC),d
tage_rr_k1_flag,Qualitätsflag für Niederschlag Tage >=0.1 und <=2.4mm,Qualitätsflag für Zahl der Tage mit Niederschlagsmenge >=0.1 und <=2.4 mm (Auswertung der 24-Stundensummen zum Termin I  6:00 UTC),code
tage_rr_k2,Niederschlag Tage >=2.5 und <=4.9mm,Zahl der Tage mit Niederschlagsmenge >=2.5 und <=4.9 mm (Auswertung der 24-Stundensummen zum Termin I  6:00 UTC),d
tage_rr_k2_flag,Qualitätsflag für Niederschlag Tage >=2.5 und <=4.9mm,Qualitätsflag für Zahl der Tage mit Niederschlagsmenge >=2.5 und <=4.9 mm (Auswertung der 24-Stundensummen zum Termin I  6:00 UTC),code
tage_rr_k3,Niederschlag Tage >=5.0 und <=9.9mm,Zahl der Tage mit Niederschlagsmenge >=5.0 und <=9.9 mm (Auswertung der 24-Stundensummen zum Termin I  6:00 UTC),d
tage_rr_k3_flag,Qualitätsflag für Niederschlag Tage >=5.0 und <=9.9mm,Qualitätsflag für Zahl der Tage mit Niederschlagsmenge >=5.0 und <=9.9 mm (Auswertung der 24-Stundensummen zum Termin I  6:00 UTC),code
tage_rr_k4,Niederschlag Tage >=10.0 und <=19.9mm,Zahl der Tage mit Niederschlagsmenge >=10.0 und <=19.9 mm (Auswertung der 24-Stundensummen zum Termin I  6:00 UTC),d
tage_rr_k4_flag,Qualitätsflag für Niederschlag Tage >=10.0 und <=19.9mm,Qualitätsflag für Zahl der Tage mit Niederschlagsmenge >=10.0 und <=19.9 mm (Auswertung der 24-Stundensummen zum Termin I  6:00 UTC),code
tage_rr_k5,Niederschlag Tage >=20.0 und <=49.9 mm,Zahl der Tage mit Niederschlagsmenge >=20.0 und <=49.9 mm (Auswertung der 24-Stundensummen zum Termin I  6:00 UTC),d
tage_rr_k5_flag,Qualitätsflag für Niederschlag Tage >=20.0 und <=49.9 mm,Qualitätsflag für Zahl der Tage mit Niederschlagsmenge >=20.0 und <=49.9 mm (Auswertung der 24-Stundensummen zum Termin I  6:00 UTC),code
tage_rr_k6,Niederschlag Tage >=50.0 mm,Zahl der Tage mit Niederschlagsmenge >=50.0 mm (Auswertung der 24-Stundensummen zum Termin I  6:00 UTC),d
tage_rr_k6_flag,Qualitätsflag für Niederschlag Tage >=50.0 mm,Qualitätsflag für Zahl der Tage mit Niederschlagsmenge >=50.0 mm (Auswertung der 24-Stundensummen zum Termin I  6:00 UTC),code
tage_schdecke,Tage mit Schneedecke,Zahl der Tage mit Schneedecke,d
tage_schdecke_flag,Qualitätsflag für Tage mit Schneedecke,Qualitätsflag für Zahl der Tage mit Schneedecke,code
tage_schfall,Tage mit Schneefall,Zahl der Tage mit Schneefall,d
tage_schfall_flag,Qualitätsflag für Tage mit Schneefall,Qualitätsflag für Zahl der Tage mit Schneefall,code
tage_schoenw,Schönwettertage,"Zahl der Schönwettertage, Bewölkungsmenge (24-Stunden-Mittelwert) < 50/100",d
tage_schoenw_flag,Qualitätsflag für Schönwettertage,"Qualitätsflag für Zahl der Schönwettertage, Bewölkungsmenge (24-Stunden-Mittelwert) < 50/100",code
tage_schreg,Tage mit Schneefall und Regen,Zahl der Tage mit Schneefall und Regen,d
tage_schreg_flag,Qualitätsflag für Tage mit Schneefall und Regen,Qualitätsflag für Zahl der Tage mit Schneefall und Regen,code
tage_schwuel,Schwüle Tage,Zahl der schwülen Tage mit Äquivalenttemperatur >56°C,d
tage_schwuel_flag,Qualitätsflag für Schwüle Tage,Qualitätsflag für Zahl der schwülen Tage mit Äquivalenttemperatur >56°C,code
tage_sh_manu_1,Tage Gesamtschneehöhe >= 1cm,Zahl der Tage mit Gesamtschneehöhe >= 1 cm,d
tage_sh_manu_100,Tage Gesamtschneehöhe >= 100cm,Zahl der Tage mit Gesamtschneehöhe >=100 cm,d
tage_sh_manu_100_flag,Qualitätsflag für Tage Gesamtschneehöhe >= 100cm,Qualitätsflag für Zahl der Tage mit Gesamtschneehöhe >=100 cm,code
tage_sh_manu_15,Tage Gesamtschneehöhe >= 15cm,Zahl der Tage mit Gesamtschneehöhe >= 15 cm,d
tage_sh_manu_15_flag,Qualitätsflag für Tage Gesamtschneehöhe >= 15cm,Qualitätsflag für Zahl der Tage mit Gesamtschneehöhe >= 15 cm,code
tage_sh_manu_1_flag,Qualitätsflag für Tage Gesamtschneehöhe >= 1cm,Qualitätsflag für Zahl der Tage mit Gesamtschneehöhe >= 1 cm,code
tage_sh_manu_20,Tage Gesamtschneehöhe >= 20cm,Zahl der Tage mit Gesamtschneehöhe >= 20 cm,d
tage_sh_manu_20_flag,Qualitätsflag für Tage Gesamtschneehöhe >= 20cm,Qualitätsflag für Zahl der Tage mit Gesamtschneehöhe >= 20 cm,code
tage_sh_manu_30,Tage Gesamtschneehöhe >= 30cm,Zahl der Tage mit Gesamtschneehöhe >= 30 cm,d
tage_sh_manu_30_flag,Qualitätsflag für Tage Gesamtschneehöhe >= 30cm,Qualitätsflag für Zahl der Tage mit Gesamtschneehöhe >= 30 cm,code
tage_sh_manu_5,Tage Gesamtschneehöhe >= 5cm,Zahl der Tage mit Gesamtschneehöhe >=  5 cm,d
tage_sh_manu_50,Tage Gesamtschneehöhe >= 50cm,Zahl der Tage mit Gesamtschneehöhe >= 50 cm,d
tage_sh_manu_50_flag,Qualitätsflag für Tage Gesamtschneehöhe >= 50cm,Qualitätsflag für Zahl der Tage mit Gesamtschneehöhe >= 50 cm,code
tage_sh_manu_5_flag,Qualitätsflag für Tage Gesamtschneehöhe >= 5cm,Qualitätsflag für Zahl der Tage mit Gesamtschneehöhe >=  5 cm,code
tage_sh_manu_k10,Tage Gesamtschneehöhe >= 10cm,Zahl der Tage mit Gesamtschneehöhe >= 10 cm,d
tage_sh_manu_k10_flag,Qualitätsflag für Tage Gesamtschneehöhe >= 10cm,Qualitätsflag für Zahl der Tage mit Gesamtschneehöhe >= 10 cm,code
tage_sicht_k0,Sichtweite <=200m,Zahl der Termine mit Sicht <=200 Meter, 
tage_sicht_k0_flag,Qualitätsflag für Sichtweite <=200m,Qualitätsflag für Zahl der Termine mit Sicht <=200 Meter,code
tage_sicht_k1,Sichtweite >200m und <=500m,Zahl der Termine mit Sicht >200 m und <=500 m, 
tage_sicht_k1_flag,Qualitätsflag für Sichtweite >200m und <=500m,Qualitätsflag für Zahl der Termine mit Sicht >200 m und <=500 m,code
tage_sicht_k2,Sichtweite >500m und <=1000m,Zahl der Termine mit Sicht >500 m und <=1000 m, 
tage_sicht_k2_flag,Qualitätsflag für Sichtweite >500m und <=1000m,Qualitätsflag für Zahl der Termine mit Sicht >500 m und <=1000 m,code
tage_sicht_k3,Sichtweite >1000m und <2000m,Zahl der Termine mit Sicht >1000 m und <=2000 m, 
tage_sicht_k3_flag,Qualitätsflag für Sichtweite >1000m und <2000m,Qualitätsflag für Zahl der Termine mit Sicht >1000 m und <=2000 m,code
tage_sicht_k4,Sichtweite >10000m und <=20000m,Zahl der Termine mit Sicht >10000 m und <=20000 m, 
tage_sicht_k4_flag,Qualitätsflag für Sichtweite >10000m und <=20000m,Qualitätsflag für Zahl der Termine mit Sicht >10000 m und <=20000 m,code
tage_sicht_k5,Sichtweite >20000m und <=50000m,Zahl der Termine mit Sicht >20000 m und <=50000 m, 
tage_sicht_k5_flag,Qualitätsflag für Sichtweite >20000m und <=50000m,Qualitätsflag für Zahl der Termine mit Sicht >20000 m und <=50000 m,code
tage_sicht_k6,Sichtweite >50000m,Zahl der Termine mit Sicht >50000 m, 
tage_sicht_k6_flag,Qualitätsflag für Sichtweite >50000m,Qualitätsflag für Zahl der Termine mit Sicht >50000 m,code
tage_sicht_k7,Sichtweite >2000m und <=10000m,Zahl der Termine mit Sicht >2000 m und <=10000 m, 
tage_sicht_k7_flag,Qualitätsflag für Sichtweite >2000m und <=10000m,Qualitätsflag für Zahl der Termine mit Sicht >2000 m und <=10000 m,code
tage_so_h_0,Sonnenscheindauer Tage ohne Sonnenschein,Zahl der Tage ohne Sonnenschein (0 Stunden),d
tage_so_h_0_flag,Qualitätsflag für Sonnenscheindauer Tage ohne Sonnenschein,Qualitätsflag für Zahl der Tage ohne Sonnenschein (0 Stunden),code
tage_so_h_1,Sonnenscheindauer Tage >= 1h,Zahl der Tage mit Sonnenscheindauer >= 1 Stunde,d
tage_so_h_10,Sonnenscheindauer Tage >= 10h,Zahl der Tage mit Sonnenscheindauer >= 10 Stunden,d
tage_so_h_10_flag,Qualitätsflag für Sonnenscheindauer Tage >= 10h,Qualitätsflag für Zahl der Tage mit Sonnenscheindauer >= 10 Stunden,code
tage_so_h_1_flag,Qualitätsflag für Sonnenscheindauer Tage >= 1h,Qualitätsflag für Zahl der Tage mit Sonnenscheindauer >= 1 Stunde,code
tage_so_h_5,Sonnenscheindauer Tage >= 5h,Zahl der Tage mit Sonnenscheindauer >= 5 Stunden,d
tage_so_h_5_flag,Qualitätsflag für Sonnenscheindauer Tage >= 5h,Qualitätsflag für Zahl der Tage mit Sonnenscheindauer >= 5 Stunden,code
tage_sommer,Sommertage,"Zahl der Sommertage, Tagesmaximum der Lufttemperatur in 2 m Höhe >=25.0°C",d
tage_sommer_flag,Qualitätsflag für Sommertage,"Qualitätsflag für Zahl der Sommertage, Tagesmaximum der Lufttemperatur in 2 m Höhe >=25.0°C",code
tage_stfrost,Tage mit strengem Frost,"Zahl der Tage mit strengem Frost, Tagesminimum der Lufttemperatur in 2 m Höhe < -10.0°C",d
tage_stfrost_flag,Qualitätsflag für Tage mit strengem Frost,"Qualitätsflag für Zahl der Tage mit strengem Frost, Tagesminimum der Lufttemperatur in 2 m Höhe < -10.0°C",code
tage_tau,Tage mit Tau,Zahl der Tage mit Tau,d
tage_tau_flag,Qualitätsflag für Tage mit Tau,Qualitätsflag für Zahl der Tage mit Tau,code
tage_tl_mittel_10,Lufttemperatur 2m Tage mit 10 °C <= 24-Stunden-Mittelwert,Zahl der Tage mit Tagesmittel der Lufttemperatur in 2 m Höhe >=10.0°C,d
tage_tl_mittel_10_flag,Qualitätsflag für Lufttemperatur 2m Tage mit 10 °C <= 24-Stunden-Mittelwert,Qualitätsflag für Zahl der Tage mit Tagesmittel der Lufttemperatur in 2 m Höhe >=10.0°C,code
tage_tl_mittel_15,Lufttemperatur 2m Tage mit 15 °C <= 24-Stunden-Mittelwert,Zahl der Tage mit Tagesmittel der Lufttemperatur in 2 m Höhe >= 15.0°C,d
tage_tl_mittel_15_flag,Qualitätsflag für Lufttemperatur 2m Tage mit 15 °C <= 24-Stunden-Mittelwert,Qualitätsflag für Zahl der Tage mit Tagesmittel der Lufttemperatur in 2 m Höhe >= 15.0°C,code
tage_tl_mittel_20,Lufttemperatur 2m Tage mit 20 °C <= 24-Stunden-Mittelwert,Zahl der Tage mit Tagesmittel der Lufttemperatur in 2 m Höhe >= 20.0°C,d
tage_tl_mittel_20_flag,Qualitätsflag für Lufttemperatur 2m Tage mit 20 °C <= 24-Stunden-Mittelwert,Qualitätsflag für Zahl der Tage mit Tagesmittel der Lufttemperatur in 2 m Höhe >= 20.0°C,code
tage_tl_mittel_25,Lufttemperatur 2m Tage mit 25 °C <= 24-Stunden-Mittelwert,Zahl der Tage mit Tagesmittel der Lufttemperatur in 2 m Höhe >= 25.0°C,d
tage_tl_mittel_25_flag,Qualitätsflag für Lufttemperatur 2m Tage mit 25 °C <= 24-Stunden-Mittelwert,Qualitätsflag für Zahl der Tage mit Tagesmittel der Lufttemperatur in 2 m Höhe >= 25.0°C,code
tage_tl_mittel_k0,Lufttemperatur 2m Tage mit 24-Stunden-Mittelwert < -25 °C,Zahl der Tage mit Tagesmittel der Lufttemperatur in 2 m Höhe < -25.0°C,d
tage_tl_mittel_k0_flag,Qualitätsflag für Lufttemperatur 2m Tage mit 24-Stunden-Mittelwert < -25 °C,Qualitätsflag für Zahl der Tage mit Tagesmittel der Lufttemperatur in 2 m Höhe < -25.0°C,code
tage_tl_mittel_k1,Lufttemperatur 2m Tage mit -25 °C <= 24-Stunden-Mittelwert < -20 °C,Zahl der Tage mit Tagesmittel der Lufttemperatur in 2 m Höhe  >=-25.0°C und <=-20.1°C,d
tage_tl_mittel_k10,Lufttemperatur 2m Tage 20 °C <= 24-Stunden-Mittelwert < 25 °C,Zahl der Tage mit Tagesmittel der Lufttemperatur in 2 m Höhe >=20.0°C und <=24.9°C,d
tage_tl_mittel_k10_flag,Qualitätsflag für Lufttemperatur 2m Tage 20 °C <= 24-Stunden-Mittelwert < 25 °C,Qualitätsflag für Zahl der Tage mit Tagesmittel der Lufttemperatur in 2 m Höhe >=20.0°C und <=24.9°C,code
tage_tl_mittel_k16,Lufttemperatur 2m Tage mit 5 °C <= 24-Stunden-Mittelwert,Zahl der Tage mit Tagesmittel der Lufttemperatur in 2 m Höhe >= 5.0°C,d
tage_tl_mittel_k16_flag,Qualitätsflag für Lufttemperatur 2m Tage mit 5 °C <= 24-Stunden-Mittelwert,Qualitätsflag für Zahl der Tage mit Tagesmittel der Lufttemperatur in 2 m Höhe >= 5.0°C,code
tage_tl_mittel_k1_flag,Qualitätsflag für Lufttemperatur 2m Tage mit -25 °C <= 24-Stunden-Mittelwert < -20 °C,Qualitätsflag für Zahl der Tage mit Tagesmittel der Lufttemperatur in 2 m Höhe  >=-25.0°C und <=-20.1°C,code
tage_tl_mittel_k2,Lufttemperatur 2m Tage mit -20 °C <= 24-Stunden-Mittelwert < -15 °C,Zahl der Tage mit Tagesmittel der Lufttemperatur in 2 m Höhe >=-20.0°C und <=-15.1°C,d
tage_tl_mittel_k2_flag,Qualitätsflag für Lufttemperatur 2m Tage mit -20 °C <= 24-Stunden-Mittelwert < -15 °C,Qualitätsflag für Zahl der Tage mit Tagesmittel der Lufttemperatur in 2 m Höhe >=-20.0°C und <=-15.1°C,code
tage_tl_mittel_k3,Lufttemperatur 2m Tage mit -15 °C <= 24-Stunden-Mittelwert < -10 °C,Zahl der Tage mit Tagesmittel der Lufttemperatur in 2 m Höhe >=-15.0°C und <=-10.1°C,d
tage_tl_mittel_k3_flag,Qualitätsflag für Lufttemperatur 2m Tage mit -15 °C <= 24-Stunden-Mittelwert < -10 °C,Qualitätsflag für Zahl der Tage mit Tagesmittel der Lufttemperatur in 2 m Höhe >=-15.0°C und <=-10.1°C,code
tage_tl_mittel_k4,Lufttemperatur 2m Tage mit -10 °C <= 24-Stunden-Mittelwert < -5 °C,Zahl der Tage mit Tagesmittel der Lufttemperatur in 2 m Höhe >=-10.0°C und <=-5.1°C,d
tage_tl_mittel_k4_flag,Qualitätsflag für Lufttemperatur 2m Tage mit -10 °C <= 24-Stunden-Mittelwert < -5 °C,Qualitätsflag für Zahl der Tage mit Tagesmittel der Lufttemperatur in 2 m Höhe >=-10.0°C und <=-5.1°C,code
tage_tl_mittel_k5,Lufttemperatur 2m Tage mit -5 °C <= 24-Stunden-Mittelwert < 0 °C,Zahl der Tage mit Tagesmittel der Lufttemperatur in 2 m Höhe >=-5.0 und <=-0.1°C,d
tage_tl_mittel_k5_flag,Qualitätsflag für Lufttemperatur 2m Tage mit -5 °C <= 24-Stunden-Mittelwert < 0 °C,Qualitätsflag für Zahl der Tage mit Tagesmittel der Lufttemperatur in 2 m Höhe >=-5.0 und <=-0.1°C,code
tage_tl_mittel_k6,Lufttemperatur 2m Tage mit 0 °C <= 24-Stunden-Mittelwert <  5 °C,Zahl der Tage mit Tagesmittel der Lufttemperatur in 2 m Höhe >=0°C und <=4.9°C,d
tage_tl_mittel_k6_flag,Qualitätsflag für Lufttemperatur 2m Tage mit 0 °C <= 24-Stunden-Mittelwert <  5 °C,Qualitätsflag für Zahl der Tage mit Tagesmittel der Lufttemperatur in 2 m Höhe >=0°C und <=4.9°C,code
tage_tl_mittel_k7,Lufttemperatur 2m Tage mit 5 °C <= 24-Stunden-Mittelwert <  10 °C,Zahl der Tage mit Tagesmittel der Lufttemperatur in 2 m Höhe >=5.0°C und <=9.9°C,d
tage_tl_mittel_k7_flag,Qualitätsflag für Lufttemperatur 2m Tage mit 5 °C <= 24-Stunden-Mittelwert <  10 °C,Qualitätsflag für Zahl der Tage mit Tagesmittel der Lufttemperatur in 2 m Höhe >=5.0°C und <=9.9°C,code
tage_tl_mittel_k8,Lufttemperatur 2m Tage mit 10 °C <= 24-Stunden-Mittelwert <  15 °C,Zahl der Tage mit Tagesmittel der Lufttemperatur in 2 m Höhe >=10.0°C und <=14.9°C,d
tage_tl_mittel_k8_flag,Qualitätsflag für Lufttemperatur 2m Tage mit 10 °C <= 24-Stunden-Mittelwert <  15 °C,Qualitätsflag für Zahl der Tage mit Tagesmittel der Lufttemperatur in 2 m Höhe >=10.0°C und <=14.9°C,code
tage_tl_mittel_k9,Lufttemperatur 2m Tage mit 15 °C <= 24-Stunden-Mittelwert < 20 °C,Zahl der Tage mit Tagesmittel der Lufttemperatur in 2 m Höhe >=15.0°C und <=19.9°C,d
tage_tl_mittel_k9_flag,Qualitätsflag für Lufttemperatur 2m Tage mit 15 °C <= 24-Stunden-Mittelwert < 20 °C,Qualitätsflag für Zahl der Tage mit Tagesmittel der Lufttemperatur in 2 m Höhe >=15.0°C und <=19.9°C,code
tage_tl_mittel_m5,Lufttemperatur 2m Tage mit -5 °C  < 24-Stunden-Mittelwert,Zahl der Tage mit Tagesmittel der Lufttemperatur in 2 m Höhe >- 5.0°C,d
tage_tl_mittel_m5_flag,Qualitätsflag für Lufttemperatur 2m Tage mit -5 °C  < 24-Stunden-Mittelwert,Qualitätsflag für Zahl der Tage mit Tagesmittel der Lufttemperatur in 2 m Höhe >- 5.0°C,code
tage_tropen,Tropentage,"Zahl der Tropentage,  Tagesmaximum der Lufttemperatur in 2 m Höhe >=30.0°C",d
tage_tropen_flag,Qualitätsflag für Tropentage,"Qualitätsflag für Zahl der Tropentage,  Tagesmaximum der Lufttemperatur in 2 m Höhe >=30.0°C",code
tage_trueb,Trübe Tage,"Zahl der trüben Tage,  Bewölkungsmenge (24-Stunden-Mittelwert) > 80/100",d
tage_trueb_flag,Qualitätsflag für Trübe Tage,"Qualitätsflag für Zahl der trüben Tage,  Bewölkungsmenge (24-Stunden-Mittelwert) > 80/100",code
tage_w6,Windgeschwindigkeit Tage >= 60 km/h,Zahl der Tage mit Windstärke >= 6 Beaufort,d
tage_w6_flag,Qualitätsflag für Windgeschwindigkeit Tage >= 60 km/h,Qualitätsflag für Zahl der Tage mit Windstärke >= 6 Beaufort,code
tage_w8,Windgeschwindigkeit Tage >= 80 km/h,Zahl der Tage mit Windstärke >= 8 Beaufort,d
tage_w8_flag,Qualitätsflag für Windgeschwindigkeit Tage >= 80 km/h,Qualitätsflag für Zahl der Tage mit Windstärke >= 8 Beaufort,code
tag_gras0_max,Erdbodentemperatur 0cm Tag Maximalwert,"Erdbodentemperatur in 0 cm Tiefe, Tag des Maximums aller Stundenwerte", 
tag_gras0_max_flag,Qualitätsflag für Erdbodentemperatur 0cm Tag Maximalwert,"Qualitätsflag für Erdbodentemperatur in 0 cm Tiefe, Tag des Maximums aller Stundenwerte",code
tag_gras0_min,Erdbodentemperatur 0cm Tag Minimalwert,"Erdbodentemperatur in 0 cm Tiefe, Tag des Minimums aller Stundenwerte", 
tag_gras0_min_flag,Qualitätsflag für Erdbodentemperatur 0cm Tag Minimalwert,"Qualitätsflag für Erdbodentemperatur in 0 cm Tiefe, Tag des Minimums aller Stundenwerte",code
tag_rr_max,Niederschlag Tag Maximalwert,"Niederschlag, Tag des Niederschlagsmaximums  zum Termin I (6 UTC)", 
tag_rr_max_flag,Qualitätsflag für Niederschlag Tag Maximalwert,"Qualitätsflag für Niederschlag, Tag des Niederschlagsmaximums  zum Termin I (6 UTC)",code
tag_shneu_manu_max,Neuschneehöhe Tag Maximalwert,"Neuschneehöhe, Tag der höchsten Tagesneuschneemenge  zum Termin I (6 UTC)", 
tag_shneu_manu_max_flag,Qualitätsflag für Neuschneehöhe Tag Maximalwert,"Qualitätsflag für Neuschneehöhe, Tag der höchsten Tagesneuschneemenge  zum Termin I (6 UTC)",code
tag_tb100_max,Erdbodentemperatur -100cm Tag Maximalwert,"Erdbodentemperatur in 100 cm Tiefe, Tag des Maximums der Stundenwerte", 
tag_tb100_max_flag,Qualitätsflag für Erdbodentemperatur -100cm Tag Maximalwert,"Qualitätsflag für Erdbodentemperatur in 100 cm Tiefe, Tag des Maximums der Stundenwerte",code
tag_tb100_min,Erdbodentemperatur -100cm Tag Minimalwert,"Erdbodentemperatur in 100 cm Tiefe, Tag des Minimums der Stundenwerte", 
tag_tb100_min_flag,Qualitätsflag für Erdbodentemperatur -100cm Tag Minimalwert,"Qualitätsflag für Erdbodentemperatur in 100 cm Tiefe, Tag des Minimums der Stundenwerte",code
tag_tb10_max,Erdbodentemperatur -10cm Tag Maximalwert,"Erdbodentemperatur in 10 cm Tiefe, Tag des Maximums der Stundenwerte", 
tag_tb10_max_flag,Qualitätsflag für Erdbodentemperatur -10cm Tag Maximalwert,"Qualitätsflag für Erdbodentemperatur in 10 cm Tiefe, Tag des Maximums der Stundenwerte",code
tag_tb10_min,Erdbodentemperatur -10cm Tag Minimalwert,"Erdbodentemperatur in 10 cm Tiefe, Tag des Minimums der Stundenwerte", 
tag_tb10_min_flag,Qualitätsflag für Erdbodentemperatur -10cm Tag Minimalwert,"Qualitätsflag für Erdbodentemperatur in 10 cm Tiefe, Tag des Minimums der Stundenwerte",code
tag_tb110_max,Erdbodentemperatur -110cm Tag Maximalwert,"Erdbodentemperatur in 110 cm Tiefe, Tag des Maximums der Stundenwerte", 
tag_tb110_max_flag,Qualitätsflag für Erdbodentemperatur -110cm Tag Maximalwert,"Qualitätsflag für Erdbodentemperatur in 110 cm Tiefe, Tag des Maximums der Stundenwerte",code
tag_tb110_min,Erdbodentemperatur -110cm Tag Minimalwert,"Erdbodentemperatur in 110 cm Tiefe, Tag des Minimums der Stundenwerte", 
tag_tb110_min_flag,Qualitätsflag für Erdbodentemperatur -110cm Tag Minimalwert,"Qualitätsflag für Erdbodentemperatur in 110 cm Tiefe, Tag des Minimums der Stundenwerte",code
tag_tb15_max,Erdbodentemperatur -15cm Tag Maximalwert,"Erdbodentemperatur in 15 cm Tiefe, Tag des Maximums der Stundenwerte", 
tag_tb15_max_flag,Qualitätsflag für Erdbodentemperatur -15cm Tag Maximalwert,"Qualitätsflag für Erdbodentemperatur in 15 cm Tiefe, Tag des Maximums der Stundenwerte",code
tag_tb15_min,Erdbodentemperatur -15cm Tag Minimalwert,"Erdbodentemperatur in 15 cm Tiefe, Tag des Minimums der Stundenwerte", 
tag_tb15_min_flag,Qualitätsflag für Erdbodentemperatur -15cm Tag Minimalwert,"Qualitätsflag für Erdbodentemperatur in 15 cm Tiefe, Tag des Minimums der Stundenwerte",code
tag_tb200_min,Erdbodentemperatur -200cm Tag Minimalwert,"Erdbodentemperatur in 200 cm Tiefe, Tag des Minimums der Stundenwerte", 
tag_tb200_min_flag,Qualitätsflag für Erdbodentemperatur -200cm Tag Minimalwert,"Qualitätsflag für Erdbodentemperatur in 200 cm Tiefe, Tag des Minimums der Stundenwerte",code
tag_tb20_max,Erdbodentemperatur -20cm Tag Maximalwert,"Erdbodentemperatur in 20 cm Tiefe, Tag des Maximums der Stundenwerte", 
tag_tb20_max_flag,Qualitätsflag für Erdbodentemperatur -20cm Tag Maximalwert,"Qualitätsflag für Erdbodentemperatur in 20 cm Tiefe, Tag des Maximums der Stundenwerte",code
tag_tb20_min,Erdbodentemperatur -20cm Tag Minimalwert,"Erdbodentemperatur in 20 cm Tiefe, Tag des Minimums der Stundenwerte", 
tag_tb20_min_flag,Qualitätsflag für Erdbodentemperatur -20cm Tag Minimalwert,"Qualitätsflag für Erdbodentemperatur in 20 cm Tiefe, Tag des Minimums der Stundenwerte",code
tag_tb2_max,Erdbodentemperatur -2cm Tag Maximalwert,"Erdbodentemperatur in 2 cm Tiefe, Tag des Maximums der Stundenwerte", 
tag_tb2_max_flag,Qualitätsflag für Erdbodentemperatur -2cm Tag Maximalwert,"Qualitätsflag für Erdbodentemperatur in 2 cm Tiefe, Tag des Maximums der Stundenwerte",code
tag_tb2_min,Erdbodentemperatur -2cm Tag Minimalwert,"Erdbodentemperatur in 2 cm Tiefe, Tag des Minimums der Stundenwerte", 
tag_tb2_min_flag,Qualitätsflag für Erdbodentemperatur -2cm Tag Minimalwert,"Qualitätsflag für Erdbodentemperatur in 2 cm Tiefe, Tag des Minimums der Stundenwerte",code
tag_tb30_max,Erdbodentemperatur -30cm Tag Maximalwert,"Erdbodentemperatur in 30 cm Tiefe, Tag des Maximums der Stundenwerte", 
tag_tb30_max_flag,Qualitätsflag für Erdbodentemperatur -30cm Tag Maximalwert,"Qualitätsflag für Erdbodentemperatur in 30 cm Tiefe, Tag des Maximums der Stundenwerte",code
tag_tb30_min,Erdbodentemperatur -30cm Tag Minimalwert,"Erdbodentemperatur in 30 cm Tiefe, Tag des Minimums der Stundenwerte", 
tag_tb30_min_flag,Qualitätsflag für Erdbodentemperatur -30cm Tag Minimalwert,"Qualitätsflag für Erdbodentemperatur in 30 cm Tiefe, Tag des Minimums der Stundenwerte",code
tag_tb40_max,Erdbodentemperatur -40cm Tag Maximalwert,"Erdbodentemperatur in 40 cm Tiefe, Tag des Maximums der Stundenwerte", 
tag_tb40_max_flag,Qualitätsflag für Erdbodentemperatur -40cm Tag Maximalwert,"Qualitätsflag für Erdbodentemperatur in 40 cm Tiefe, Tag des Maximums der Stundenwerte",code
tag_tb40_min,Erdbodentemperatur -40cm Tag Minimalwert,"Erdbodentemperatur in 40 cm Tiefe, Tag des Minimums der Stundenwerte", 
tag_tb40_min_flag,Qualitätsflag für Erdbodentemperatur -40cm Tag Minimalwert,"Qualitätsflag für Erdbodentemperatur in 40 cm Tiefe, Tag des Minimums der Stundenwerte",code
tag_tb50_max,Erdbodentemperatur -50cm Tag Maximalwert,"Erdbodentemperatur in 50 cm Tiefe, Tag des Maximums der Stundenwerte", 
tag_tb50_max_flag,Qualitätsflag für Erdbodentemperatur -50cm Tag Maximalwert,"Qualitätsflag für Erdbodentemperatur in 50 cm Tiefe, Tag des Maximums der Stundenwerte",code
tag_tb50_min,Erdbodentemperatur -50cm Tag Minimalwert,"Erdbodentemperatur in 50 cm Tiefe, Tag des Minimums der Stundenwerte", 
tag_tb50_min_flag,Qualitätsflag für Erdbodentemperatur -50cm Tag Minimalwert,"Qualitätsflag für Erdbodentemperatur in 50 cm Tiefe, Tag des Minimums der Stundenwerte",code
tag_tb5_max,Erdbodentemperatur -5cm Tag Maximalwert,"Erdbodentemperatur in 5 cm Tiefe, Tag des Maximums der Stundenwerte", 
tag_tb5_max_flag,Qualitätsflag für Erdbodentemperatur -5cm Tag Maximalwert,"Qualitätsflag für Erdbodentemperatur in 5 cm Tiefe, Tag des Maximums der Stundenwerte",code
tag_tb5_min,Erdbodentemperatur -5cm Tag Minimalwert,"Erdbodentemperatur in 5 cm Tiefe, Tag des Minimums der Stundenwerte", 
tag_tb5_min_flag,Qualitätsflag für Erdbodentemperatur -5cm Tag Minimalwert,"Qualitätsflag für Erdbodentemperatur in 5 cm Tiefe, Tag des Minimums der Stundenwerte",code
tag_tb70_max,Erdbodentemperatur -70cm Tag Maximalwert,"Erdbodentemperatur in 70 cm Tiefe, Tag des Maximums der Stundenwerte", 
tag_tb70_max_flag,Qualitätsflag für Erdbodentemperatur -70cm Tag Maximalwert,"Qualitätsflag für Erdbodentemperatur in 70 cm Tiefe, Tag des Maximums der Stundenwerte",code
tag_tb70_min,Erdbodentemperatur -70cm Tag Minimalwert,"Erdbodentemperatur in 70 cm Tiefe, Tag des Minimums der Stundenwerte", 
tag_tb70_min_flag,Qualitätsflag für Erdbodentemperatur -70cm Tag Minimalwert,"Qualitätsflag für Erdbodentemperatur in 70 cm Tiefe, Tag des Minimums der Stundenwerte",code
tag_tlmax,Lufttemperatur 2m Tag des Maximalwertes,"Lufttemperatur in 2 m Höhe, Tag des Monats-Maximums", 
tag_tlmax_flag,Qualitätsflag für Lufttemperatur 2m Tag des Maximalwertes,"Qualitätsflag für Lufttemperatur in 2 m Höhe, Tag des Monats-Maximums",code
tag_tlmin,Lufttemperatur 2m Tag des Minimalwertes,"Lufttemperatur in 2 m Höhe, Tag des Monats-Minimums", 
tag_tlmin_flag,Qualitätsflag für Lufttemperatur 2m Tag des Minimalwertes,"Qualitätsflag für Lufttemperatur in 2 m Höhe, Tag des Monats-Minimums",code
tag_tsmin,Lufttemperatur 5cm Tag des absoluten Nachtminimums,"Lufttemperatur in 5 cm Höhe, Tag des Monats-Minimums aller Nachtminimalwerte", 
tag_tsmin_flag,Qualitätsflag für Lufttemperatur 5cm Tag des absoluten Nachtminimums,"Qualitätsflag für Lufttemperatur in 5 cm Höhe, Tag des Monats-Minimums aller Nachtminimalwerte",code
tb100_max,Erdbodentemperatur -100cm Maximalwert,"Erdbodentemperatur in 100 cm Tiefe, Monats-Maximum aller Stundenwerte",°C
tb100_max_flag,Qualitätsflag für Erdbodentemperatur -100cm Maximalwert,"Qualitätsflag für Erdbodentemperatur in 100 cm Tiefe, Monats-Maximum aller Stundenwerte",code
tb100_min,Erdbodentemperatur -100cm Minimalwert,"Erdbodentemperatur in 100 cm Tiefe, Monats-Minimum aller Stundenwerte",°C
tb100_min_flag,Qualitätsflag für Erdbodentemperatur -100cm Minimalwert,"Qualitätsflag für Erdbodentemperatur in 100 cm Tiefe, Monats-Minimum aller Stundenwerte",code
tb100_mittel,Erdbodentemperatur -100cm Mittelwert,"Erdbodentemperatur in 100 cm Tiefe, Monats-Mittelwert aller Stundenwerte",°C
tb100_mittel_flag,Qualitätsflag für Erdbodentemperatur -100cm Mittelwert,"Qualitätsflag für Erdbodentemperatur in 100 cm Tiefe, Monats-Mittelwert aller Stundenwerte",code
tb10_max,Erdbodentemperatur -10cm Maximalwert,"Erdbodentemperatur in 10 cm Tiefe, Monats-Maximum aller Stundenwerte",°C
tb10_max_flag,Qualitätsflag für Erdbodentemperatur -10cm Maximalwert,"Qualitätsflag für Erdbodentemperatur in 10 cm Tiefe, Monats-Maximum aller Stundenwerte",code
tb10_min,Erdbodentemperatur -10cm Minimalwert,"Erdbodentemperatur in 10 cm Tiefe, Monats-Minimum aller Stundenwerte",°C
tb10_min_flag,Qualitätsflag für Erdbodentemperatur -10cm Minimalwert,"Qualitätsflag für Erdbodentemperatur in 10 cm Tiefe, Monats-Minimum aller Stundenwerte",code
tb10_mittel,Erdbodentemperatur -10cm Mittelwert,"Erdbodentemperatur in 10 cm Tiefe, Monats-Mittelwert aller Stundenwerte",°C
tb10_mittel_flag,Qualitätsflag für Erdbodentemperatur -10cm Mittelwert,"Qualitätsflag für Erdbodentemperatur in 10 cm Tiefe, Monats-Mittelwert aller Stundenwerte",code
tb110_max,Erdbodentemperatur -110cm Maximalwert,"Erdbodentemperatur in 110 cm Tiefe, Monats-Maximum aller Stundenwerte",°C
tb110_max_flag,Qualitätsflag für Erdbodentemperatur -110cm Maximalwert,"Qualitätsflag für Erdbodentemperatur in 110 cm Tiefe, Monats-Maximum aller Stundenwerte",code
tb110_min,Erdbodentemperatur -110cm Minimalwert,"Erdbodentemperatur in 110 cm Tiefe, Monats-Minimum aller Stundenwerte",°C
tb110_min_flag,Qualitätsflag für Erdbodentemperatur -110cm Minimalwert,"Qualitätsflag für Erdbodentemperatur in 110 cm Tiefe, Monats-Minimum aller Stundenwerte",code
tb110_mittel,Erdbodentemperatur -110cm Mittelwert,"Erdbodentemperatur in 110 cm Tiefe, Monats-Mittelwert aller Stundenwerte",°C
tb110_mittel_flag,Qualitätsflag für Erdbodentemperatur -110cm Mittelwert,"Qualitätsflag für Erdbodentemperatur in 110 cm Tiefe, Monats-Mittelwert aller Stundenwerte",code
tb15_max,Erdbodentemperatur -15cm Maximalwert,"Erdbodentemperatur in 15 cm Tiefe, Monats-Maximum aller Stundenwerte",°C
tb15_max_flag,Qualitätsflag für Erdbodentemperatur -15cm Maximalwert,"Qualitätsflag für Erdbodentemperatur in 15 cm Tiefe, Monats-Maximum aller Stundenwerte",code
tb15_min,Erdbodentemperatur -15cm Minimalwert,"Erdbodentemperatur in 15 cm Tiefe, Monats-Minimum aller Stundenwerte",°C
tb15_min_flag,Qualitätsflag für Erdbodentemperatur -15cm Minimalwert,"Qualitätsflag für Erdbodentemperatur in 15 cm Tiefe, Monats-Minimum aller Stundenwerte",code
tb15_mittel,Erdbodentemperatur -15cm Mittelwert,"Erdbodentemperatur in 15 cm Tiefe, Monats-Mittelwert aller Stundenwerte",°C
tb15_mittel_flag,Qualitätsflag für Erdbodentemperatur -15cm Mittelwert,"Qualitätsflag für Erdbodentemperatur in 15 cm Tiefe, Monats-Mittelwert aller Stundenwerte",code
tb200_max,Erdbodentemperatur -200cm Maximalwert,"Erdbodentemperatur in 200 cm Tiefe, Monats-Maximum aller Stundenwerte",°C
tb200_max_flag,Qualitätsflag für Erdbodentemperatur -200cm Maximalwert,"Qualitätsflag für Erdbodentemperatur in 200 cm Tiefe, Monats-Maximum aller Stundenwerte",code
tb200_min,Erdbodentemperatur -200cm Minimalwert,"Erdbodentemperatur in 200 cm Tiefe, Monats-Minimum aller Stundenwerte",°C
tb200_min_flag,Qualitätsflag für Erdbodentemperatur -200cm Minimalwert,"Qualitätsflag für Erdbodentemperatur in 200 cm Tiefe, Monats-Minimum aller Stundenwerte",code
tb200_mittel,Erdbodentemperatur -200cm Mittelwert,"Erdbodentemperatur in 200 cm Tiefe, Monats-Mittelwert aller Stundenwerte",°C
tb200_mittel_flag,Qualitätsflag für Erdbodentemperatur -200cm Mittelwert,"Qualitätsflag für Erdbodentemperatur in 200 cm Tiefe, Monats-Mittelwert aller Stundenwerte",code
tb20_max,Erdbodentemperatur -20cm Maximalwert,"Erdbodentemperatur in 20 cm Tiefe, Monats-Maximum aller Stundenwerte",°C
tb20_max_flag,Qualitätsflag für Erdbodentemperatur -20cm Maximalwert,"Qualitätsflag für Erdbodentemperatur in 20 cm Tiefe, Monats-Maximum aller Stundenwerte",code
tb20_min,Erdbodentemperatur -20cm Minimalwert,"Erdbodentemperatur in 20 cm Tiefe, Monats-Minimum aller Stundenwerte",°C
tb20_min_flag,Qualitätsflag für Erdbodentemperatur -20cm Minimalwert,"Qualitätsflag für Erdbodentemperatur in 20 cm Tiefe, Monats-Minimum aller Stundenwerte",code
tb20_mittel,Erdbodentemperatur -20cm Mittelwert,"Erdbodentemperatur in 20 cm Tiefe, Monats-Mittelwert aller Stundenwerte",°C
tb20_mittel_flag,Qualitätsflag für Erdbodentemperatur -20cm Mittelwert,"Qualitätsflag für Erdbodentemperatur in 20 cm Tiefe, Monats-Mittelwert aller Stundenwerte",code
tb2_max,Erdbodentemperatur -2cm Maximalwert,"Erdbodentemperatur in 2 cm Tiefe, Monats-Maximum aller Stundenwerte",°C
tb2_max_flag,Qualitätsflag für Erdbodentemperatur -2cm Maximalwert,"Qualitätsflag für Erdbodentemperatur in 2 cm Tiefe, Monats-Maximum aller Stundenwerte",code
tb2_min,Erdbodentemperatur -2cm Minimalwert,"Erdbodentemperatur in 2 cm Tiefe, Monats-Minimum aller Stundenwerte",°C
tb2_min_flag,Qualitätsflag für Erdbodentemperatur -2cm Minimalwert,"Qualitätsflag für Erdbodentemperatur in 2 cm Tiefe, Monats-Minimum aller Stundenwerte",code
tb2_mittel,Erdbodentemperatur -2cm Mittelwert,"Erdbodentemperatur in 2 cm Tiefe, Monats-Mittelwert aller Stundenwerte",°C
tb2_mittel_flag,Qualitätsflag für Erdbodentemperatur -2cm Mittelwert,"Qualitätsflag für Erdbodentemperatur in 2 cm Tiefe, Monats-Mittelwert aller Stundenwerte",code
tb30_max,Erdbodentemperatur -30cm Maximalwert,"Erdbodentemperatur in 30 cm Tiefe, Monats-Maximum aller Stundenwerte",°C
tb30_max_flag,Qualitätsflag für Erdbodentemperatur -30cm Maximalwert,"Qualitätsflag für Erdbodentemperatur in 30 cm Tiefe, Monats-Maximum aller Stundenwerte",code
tb30_min,Erdbodentemperatur -30cm Minimalwert,"Erdbodentemperatur in 30 cm Tiefe, Monats-Minimum aller Stundenwerte",°C
tb30_min_flag,Qualitätsflag für Erdbodentemperatur -30cm Minimalwert,"Qualitätsflag für Erdbodentemperatur in 30 cm Tiefe, Monats-Minimum aller Stundenwerte",code
tb30_mittel,Erdbodentemperatur -30cm Mittelwert,"Erdbodentemperatur in 30 cm Tiefe, Monats-Mittelwert aller Stundenwerte",°C
tb30_mittel_flag,Qualitätsflag für Erdbodentemperatur -30cm Mittelwert,"Qualitätsflag für Erdbodentemperatur in 30 cm Tiefe, Monats-Mittelwert aller Stundenwerte",code
tb40_max,Erdbodentemperatur -40cm Maximalwert,"Erdbodentemperatur in 40 cm Tiefe, Monats-Maximum aller Stundenwerte",°C
tb40_max_flag,Qualitätsflag für Erdbodentemperatur -40cm Maximalwert,"Qualitätsflag für Erdbodentemperatur in 40 cm Tiefe, Monats-Maximum aller Stundenwerte",code
tb40_min,Erdbodentemperatur -40cm Minimalwert,"Erdbodentemperatur in 40 cm Tiefe, Monats-Minimum aller Stundenwerte",°C
tb40_min_flag,Qualitätsflag für Erdbodentemperatur -40cm Minimalwert,"Qualitätsflag für Erdbodentemperatur in 40 cm Tiefe, Monats-Minimum aller Stundenwerte",code
tb40_mittel,Erdbodentemperatur -40cm Mittelwert,"Erdbodentemperatur in 40 cm Tiefe, Monats-Mittelwert aller Stundenwerte",°C
tb40_mittel_flag,Qualitätsflag für Erdbodentemperatur -40cm Mittelwert,"Qualitätsflag für Erdbodentemperatur in 40 cm Tiefe, Monats-Mittelwert aller Stundenwerte",code
tb50_max,Erdbodentemperatur -50cm Maximalwert,"Erdbodentemperatur in 50 cm Tiefe, Monats-Maximum aller Stundenwerte",°C
tb50_max_flag,Qualitätsflag für Erdbodentemperatur -50cm Maximalwert,"Qualitätsflag für Erdbodentemperatur in 50 cm Tiefe, Monats-Maximum aller Stundenwerte",code
tb50_min,Erdbodentemperatur -50cm Minimalwert,"Erdbodentemperatur in 50 cm Tiefe, Monats-Minimum aller Stundenwerte",°C
tb50_min_flag,Qualitätsflag für Erdbodentemperatur -50cm Minimalwert,"Qualitätsflag für Erdbodentemperatur in 50 cm Tiefe, Monats-Minimum aller Stundenwerte",code
tb50_mittel,Erdbodentemperatur -50cm Mittelwert,"Erdbodentemperatur in 50 cm Tiefe, Monats-Mittelwert aller Stundenwerte",°C
tb50_mittel_flag,Qualitätsflag für Erdbodentemperatur -50cm Mittelwert,"Qualitätsflag für Erdbodentemperatur in 50 cm Tiefe, Monats-Mittelwert aller Stundenwerte",code
tb5_max,Erdbodentemperatur -5cm Maximalwert,"Erdbodentemperatur in 5 cm Tiefe, Monats-Maximum aller Stundenwerte",°C
tb5_max_flag,Qualitätsflag für Erdbodentemperatur -5cm Maximalwert,"Qualitätsflag für Erdbodentemperatur in 5 cm Tiefe, Monats-Maximum aller Stundenwerte",code
tb5_min,Erdbodentemperatur -5cm Minimalwert,"Erdbodentemperatur in 5 cm Tiefe, Monats-Minimum aller Stundenwerte",°C
tb5_min_flag,Qualitätsflag für Erdbodentemperatur -5cm Minimalwert,"Qualitätsflag für Erdbodentemperatur in 5 cm Tiefe, Monats-Minimum aller Stundenwerte",code
tb5_mittel,Erdbodentemperatur -5cm Mittelwert,"Erdbodentemperatur in 5 cm Tiefe, Monats-Mittelwert aller Stundenwerte",°C
tb5_mittel_flag,Qualitätsflag für Erdbodentemperatur -5cm Mittelwert,"Qualitätsflag für Erdbodentemperatur in 5 cm Tiefe, Monats-Mittelwert aller Stundenwerte",code
tb70_max,Erdbodentemperatur -70cm Maximalwert,"Erdbodentemperatur in 70 cm Tiefe, Monats-Maximum aller Stundenwerte",°C
tb70_max_flag,Qualitätsflag für Erdbodentemperatur -70cm Maximalwert,"Qualitätsflag für Erdbodentemperatur in 70 cm Tiefe, Monats-Maximum aller Stundenwerte",code
tb70_min,Erdbodentemperatur -70cm Minimalwert,"Erdbodentemperatur in 70 cm Tiefe, Monats-Minimum aller Stundenwerte",°C
tb70_min_flag,Qualitätsflag für Erdbodentemperatur -70cm Minimalwert,"Qualitätsflag für Erdbodentemperatur in 70 cm Tiefe, Monats-Minimum aller Stundenwerte",code
tb70_mittel,Erdbodentemperatur -70cm Mittelwert,"Erdbodentemperatur in 70 cm Tiefe, Monats-Mittelwert aller Stundenwerte",°C
tb70_mittel_flag,Qualitätsflag für Erdbodentemperatur -70cm Mittelwert,"Qualitätsflag für Erdbodentemperatur in 70 cm Tiefe, Monats-Mittelwert aller Stundenwerte",code
tl_iii_mittel,Lufttemperatur 2m Mittelwert Termin III,"Lufttemperatur in 2m Höhe, Monats-Mittelwert zum Terminwert III (18:00 UTC)",°C
tl_iii_mittel_flag,Qualitätsflag für Lufttemperatur 2m Mittelwert Termin III,"Qualitätsflag für Lufttemperatur in 2m Höhe, Monats-Mittelwert zum Terminwert III (18:00 UTC)",code
tl_ii_mittel,Lufttemperatur 2m Mittelwert Termin II,"Lufttemperatur in 2m Höhe, Monats-Mittelwert zum Terminwert II (13:00 UTC)",°C
tl_ii_mittel_flag,Qualitätsflag für Lufttemperatur 2m Mittelwert Termin II,"Qualitätsflag für Lufttemperatur in 2m Höhe, Monats-Mittelwert zum Terminwert II (13:00 UTC)",code
tl_i_mittel,Lufttemperatur 2m Mittelwert Termin I,"Lufttemperatur in 2m Höhe, Monats-Mittelwert zum Terminwert I (06:00 UTC)",°C
tl_i_mittel_flag,Qualitätsflag für Lufttemperatur 2m Mittelwert Termin I,"Qualitätsflag für Lufttemperatur in 2m Höhe, Monats-Mittelwert zum Terminwert I (06:00 UTC)",code
tlmax,Lufttemperatur 2m Maximalwert,"Lufttemperatur in 2m Höhe, Monats-Maximum aus 24-Stunden-Maximalwerten",°C
tlmax_flag,Qualitätsflag für Lufttemperatur 2m Maximalwert,"Qualitätsflag für Lufttemperatur in 2m Höhe, Monats-Maximum aus 24-Stunden-Maximalwerten",code
tlmax_mittel,Lufttemperatur 2m Mittelwert der Maximalwerte,"Lufttemperatur in 2m Höhe, Monats-Mittelwert aller 24-Stunden-Maximalwerte",°C
tlmax_mittel_flag,Qualitätsflag für Lufttemperatur 2m Mittelwert der Maximalwerte,"Qualitätsflag für Lufttemperatur in 2m Höhe, Monats-Mittelwert aller 24-Stunden-Maximalwerte",code
tlmin,Lufttemperatur 2m Minimalwert,"Lufttemperatur in 2m Höhe, Monats-Minimum aus 24-Stunden-Minimalwerten",°C
tlmin_flag,Qualitätsflag für Lufttemperatur 2m Minimalwert,"Qualitätsflag für Lufttemperatur in 2m Höhe, Monats-Minimum aus 24-Stunden-Minimalwerten",code
tlmin_mittel,Lufttemperatur 2m Mittelwert der Minimalwerte,"Lufttemperatur in 2m Höhe, Monats-Mittelwert aller 24-Stunden-Minimalwerte",°C
tlmin_mittel_flag,Qualitätsflag für Lufttemperatur 2m Mittelwert der Minimalwerte,"Qualitätsflag für Lufttemperatur in 2m Höhe, Monats-Mittelwert aller 24-Stunden-Minimalwerte",code
tl_mittel,Lufttemperatur 2m Mittelwert aus Termin- und Extremwerten,"Lufttemperatur in 2m Höhe, Monats-Mittelwert aus Termin- und Extremwerten",°C
tl_mittel_flag,Qualitätsflag für Lufttemperatur 2m Mittelwert aus Termin- und Extremwerten,"Qualitätsflag für Lufttemperatur in 2m Höhe, Monats-Mittelwert aus Termin- und Extremwerten",code
tp_mittel,Taupunkttemperatur Mittelwert,Monatsmittel der Taupunkttemperatur (aus allen Terminwerten),°C
tp_mittel_flag,Qualitätsflag für Taupunkttemperatur Mittelwert,Qualitätsflag für Monatsmittel der Taupunkttemperatur (aus allen Terminwerten),code
tsmin,Lufttemperatur 5cm Minimalwert aller Nachtminimalwerte,"Lufttemperatur in 5cm Höhe, Minimum aller Nachtminimalwerte",°C
tsmin_flag,Qualitätsflag für Lufttemperatur 5cm Minimalwert aller Nachtminimalwerte,"Qualitätsflag für Lufttemperatur in 5cm Höhe, Minimum aller Nachtminimalwerte",code
tsmin_mittel,Lufttemperatur 5cm Mittelwert aller Nachtminimalwerte,"Lufttemperatur in 5cm Höhe, Mittelwert aller Nachtminimalwerte",°C
tsmin_mittel_flag,Qualitätsflag für Lufttemperatur 5cm Mittelwert aller Nachtminimalwerte,"Qualitätsflag für Lufttemperatur in 5cm Höhe, Mittelwert aller Nachtminimalwerte",code
vv_mittel,Windgeschwindigkeit Mittelwert,"Windgeschwindigkeit, Monats-Mittelwert aus 24-Stunden-Mittelwerten",m/s
vv_mittel_flag,Qualitätsflag für Windgeschwindigkeit Mittelwert,"Qualitätsflag für Windgeschwindigkeit, Monats-Mittelwert aus 24-Stunden-Mittelwerten",code
